input,codec,compress_dt,decompress_dt,compressed_size,uncompressed_size
air_quality,blosc:cname=zstd:level=3,0.103997715,0.02783062,8301155,42834636
air_quality,parquet:compression=zstd1,0.22061092,0.039286293,11193329,42834636
air_quality,pco,0.101905,0.019593252,4283268,42834636
r_place,blosc:cname=zstd:level=3,12.035252,2.8522565,953852416,4489886912
r_place,parquet:compression=zstd1,14.856851,2.3506918,966767015,4489886912
r_place,pco,9.220938,1.4462737,661681840,4489886912
taxi,blosc:cname=zstd:level=3,8.087852,2.1499405,858472715,2297388360
taxi,parquet:compression=zstd1,5.4059153,0.9250652,456466661,2297388360
taxi,pco,4.6660156,0.7637667,333568673,2297388360